case_id,stem,split,image_path,anno_path
001,CINE_4CH_001,train,C:\SanciaMJW\projects\segmentation\CMR-MULTI\CINE_MULTI\4CH_TR\image\CINE_4CH_001.nii.gz,C:\SanciaMJW\projects\segmentation\CMR-MULTI\CINE_MULTI\4CH_TR\anno\CINE_4CH_001.nii.gz
002,CINE_4CH_002,train,C:\SanciaMJW\projects\segmentation\CMR-MULTI\CINE_MULTI\4CH_TR\image\CINE_4CH_002.nii.gz,C:\SanciaMJW\projects\segmentation\CMR-MULTI\CINE_MULTI\4CH_TR\anno\CINE_4CH_002.nii.gz
003,CINE_4CH_003,train,C:\SanciaMJW\projects\segmentation\CMR-MULTI\CINE_MULTI\4CH_TR\image\CINE_4CH_003.nii.gz,C:\SanciaMJW\projects\segmentation\CMR-MULTI\CINE_MULTI\4CH_TR\anno\CINE_4CH_003.nii.gz
004,CINE_4CH_004,train,C:\SanciaMJW\projects\segmentation\CMR-MULTI\CINE_MULTI\4CH_TR\image\CINE_4CH_004.nii.gz,C:\SanciaMJW\projects\segmentation\CMR-MULTI\CINE_MULTI\4CH_TR\anno\CINE_4CH_004.nii.gz
005,CINE_4CH_005,train,C:\SanciaMJW\projects\segmentation\CMR-MULTI\CINE_MULTI\4CH_TR\image\CINE_4CH_005.nii.gz,C:\SanciaMJW\projects\segmentation\CMR-MULTI\CINE_MULTI\4CH_TR\anno\CINE_4CH_005.nii.gz
006,CINE_4CH_006,train,C:\SanciaMJW\projects\segmentation\CMR-MULTI\CINE_MULTI\4CH_TR\image\CINE_4CH_006.nii.gz,C:\SanciaMJW\projects\segmentation\CMR-MULTI\CINE_MULTI\4CH_TR\anno\CINE_4CH_006.nii.gz
007,CINE_4CH_007,val,C:\SanciaMJW\projects\segmentation\CMR-MULTI\CINE_MULTI\4CH_TR\image\CINE_4CH_007.nii.gz,C:\SanciaMJW\projects\segmentation\CMR-MULTI\CINE_MULTI\4CH_TR\anno\CINE_4CH_007.nii.gz
008,CINE_4CH_008,train,C:\SanciaMJW\projects\segmentation\CMR-MULTI\CINE_MULTI\4CH_TR\image\CINE_4CH_008.nii.gz,C:\SanciaMJW\projects\segmentation\CMR-MULTI\CINE_MULTI\4CH_TR\anno\CINE_4CH_008.nii.gz
009,CINE_4CH_009,test,C:\SanciaMJW\projects\segmentation\CMR-MULTI\CINE_MULTI\4CH_TR\image\CINE_4CH_009.nii.gz,C:\SanciaMJW\projects\segmentation\CMR-MULTI\CINE_MULTI\4CH_TR\anno\CINE_4CH_009.nii.gz
010,CINE_4CH_010,train,C:\SanciaMJW\projects\segmentation\CMR-MULTI\CINE_MULTI\4CH_TR\image\CINE_4CH_010.nii.gz,C:\SanciaMJW\projects\segmentation\CMR-MULTI\CINE_MULTI\4CH_TR\anno\CINE_4CH_010.nii.gz
011,CINE_4CH_011,train,C:\SanciaMJW\projects\segmentation\CMR-MULTI\CINE_MULTI\4CH_TR\image\CINE_4CH_011.nii.gz,C:\SanciaMJW\projects\segmentation\CMR-MULTI\CINE_MULTI\4CH_TR\anno\CINE_4CH_011.nii.gz
012,CINE_4CH_012,val,C:\SanciaMJW\projects\segmentation\CMR-MULTI\CINE_MULTI\4CH_TR\image\CINE_4CH_012.nii.gz,C:\SanciaMJW\projects\segmentation\CMR-MULTI\CINE_MULTI\4CH_TR\anno\CINE_4CH_012.nii.gz
013,CINE_4CH_013,test,C:\SanciaMJW\projects\segmentation\CMR-MULTI\CINE_MULTI\4CH_TR\image\CINE_4CH_013.nii.gz,C:\SanciaMJW\projects\segmentation\CMR-MULTI\CINE_MULTI\4CH_TR\anno\CINE_4CH_013.nii.gz
014,CINE_4CH_014,test,C:\SanciaMJW\projects\segmentation\CMR-MULTI\CINE_MULTI\4CH_TR\image\CINE_4CH_014.nii.gz,C:\SanciaMJW\projects\segmentation\CMR-MULTI\CINE_MULTI\4CH_TR\anno\CINE_4CH_014.nii.gz
015,CINE_4CH_015,test,C:\SanciaMJW\projects\segmentation\CMR-MULTI\CINE_MULTI\4CH_TR\image\CINE_4CH_015.nii.gz,C:\SanciaMJW\projects\segmentation\CMR-MULTI\CINE_MULTI\4CH_TR\anno\CINE_4CH_015.nii.gz
016,CINE_4CH_016,train,C:\SanciaMJW\projects\segmentation\CMR-MULTI\CINE_MULTI\4CH_TR\image\CINE_4CH_016.nii.gz,C:\SanciaMJW\projects\segmentation\CMR-MULTI\CINE_MULTI\4CH_TR\anno\CINE_4CH_016.nii.gz
017,CINE_4CH_017,train,C:\SanciaMJW\projects\segmentation\CMR-MULTI\CINE_MULTI\4CH_TR\image\CINE_4CH_017.nii.gz,C:\SanciaMJW\projects\segmentation\CMR-MULTI\CINE_MULTI\4CH_TR\anno\CINE_4CH_017.nii.gz
018,CINE_4CH_018,train,C:\SanciaMJW\projects\segmentation\CMR-MULTI\CINE_MULTI\4CH_TR\image\CINE_4CH_018.nii.gz,C:\SanciaMJW\projects\segmentation\CMR-MULTI\CINE_MULTI\4CH_TR\anno\CINE_4CH_018.nii.gz
019,CINE_4CH_019,train,C:\SanciaMJW\projects\segmentation\CMR-MULTI\CINE_MULTI\4CH_TR\image\CINE_4CH_019.nii.gz,C:\SanciaMJW\projects\segmentation\CMR-MULTI\CINE_MULTI\4CH_TR\anno\CINE_4CH_019.nii.gz
020,CINE_4CH_020,test,C:\SanciaMJW\projects\segmentation\CMR-MULTI\CINE_MULTI\4CH_TR\image\CINE_4CH_020.nii.gz,C:\SanciaMJW\projects\segmentation\CMR-MULTI\CINE_MULTI\4CH_TR\anno\CINE_4CH_020.nii.gz
021,CINE_4CH_021,train,C:\SanciaMJW\projects\segmentation\CMR-MULTI\CINE_MULTI\4CH_TR\image\CINE_4CH_021.nii.gz,C:\SanciaMJW\projects\segmentation\CMR-MULTI\CINE_MULTI\4CH_TR\anno\CINE_4CH_021.nii.gz
022,CINE_4CH_022,train,C:\SanciaMJW\projects\segmentation\CMR-MULTI\CINE_MULTI\4CH_TR\image\CINE_4CH_022.nii.gz,C:\SanciaMJW\projects\segmentation\CMR-MULTI\CINE_MULTI\4CH_TR\anno\CINE_4CH_022.nii.gz
023,CINE_4CH_023,test,C:\SanciaMJW\projects\segmentation\CMR-MULTI\CINE_MULTI\4CH_TR\image\CINE_4CH_023.nii.gz,C:\SanciaMJW\projects\segmentation\CMR-MULTI\CINE_MULTI\4CH_TR\anno\CINE_4CH_023.nii.gz
024,CINE_4CH_024,train,C:\SanciaMJW\projects\segmentation\CMR-MULTI\CINE_MULTI\4CH_TR\image\CINE_4CH_024.nii.gz,C:\SanciaMJW\projects\segmentation\CMR-MULTI\CINE_MULTI\4CH_TR\anno\CINE_4CH_024.nii.gz
025,CINE_4CH_025,train,C:\SanciaMJW\projects\segmentation\CMR-MULTI\CINE_MULTI\4CH_TR\image\CINE_4CH_025.nii.gz,C:\SanciaMJW\projects\segmentation\CMR-MULTI\CINE_MULTI\4CH_TR\anno\CINE_4CH_025.nii.gz
026,CINE_4CH_026,train,C:\SanciaMJW\projects\segmentation\CMR-MULTI\CINE_MULTI\4CH_TR\image\CINE_4CH_026.nii.gz,C:\SanciaMJW\projects\segmentation\CMR-MULTI\CINE_MULTI\4CH_TR\anno\CINE_4CH_026.nii.gz
027,CINE_4CH_027,train,C:\SanciaMJW\projects\segmentation\CMR-MULTI\CINE_MULTI\4CH_TR\image\CINE_4CH_027.nii.gz,C:\SanciaMJW\projects\segmentation\CMR-MULTI\CINE_MULTI\4CH_TR\anno\CINE_4CH_027.nii.gz
028,CINE_4CH_028,train,C:\SanciaMJW\projects\segmentation\CMR-MULTI\CINE_MULTI\4CH_TR\image\CINE_4CH_028.nii.gz,C:\SanciaMJW\projects\segmentation\CMR-MULTI\CINE_MULTI\4CH_TR\anno\CINE_4CH_028.nii.gz
029,CINE_4CH_029,train,C:\SanciaMJW\projects\segmentation\CMR-MULTI\CINE_MULTI\4CH_TR\image\CINE_4CH_029.nii.gz,C:\SanciaMJW\projects\segmentation\CMR-MULTI\CINE_MULTI\4CH_TR\anno\CINE_4CH_029.nii.gz
030,CINE_4CH_030,train,C:\SanciaMJW\projects\segmentation\CMR-MULTI\CINE_MULTI\4CH_TR\image\CINE_4CH_030.nii.gz,C:\SanciaMJW\projects\segmentation\CMR-MULTI\CINE_MULTI\4CH_TR\anno\CINE_4CH_030.nii.gz
031,CINE_4CH_031,val,C:\SanciaMJW\projects\segmentation\CMR-MULTI\CINE_MULTI\4CH_TR\image\CINE_4CH_031.nii.gz,C:\SanciaMJW\projects\segmentation\CMR-MULTI\CINE_MULTI\4CH_TR\anno\CINE_4CH_031.nii.gz
032,CINE_4CH_032,train,C:\SanciaMJW\projects\segmentation\CMR-MULTI\CINE_MULTI\4CH_TR\image\CINE_4CH_032.nii.gz,C:\SanciaMJW\projects\segmentation\CMR-MULTI\CINE_MULTI\4CH_TR\anno\CINE_4CH_032.nii.gz
033,CINE_4CH_033,train,C:\SanciaMJW\projects\segmentation\CMR-MULTI\CINE_MULTI\4CH_TR\image\CINE_4CH_033.nii.gz,C:\SanciaMJW\projects\segmentation\CMR-MULTI\CINE_MULTI\4CH_TR\anno\CINE_4CH_033.nii.gz
034,CINE_4CH_034,train,C:\SanciaMJW\projects\segmentation\CMR-MULTI\CINE_MULTI\4CH_TR\image\CINE_4CH_034.nii.gz,C:\SanciaMJW\projects\segmentation\CMR-MULTI\CINE_MULTI\4CH_TR\anno\CINE_4CH_034.nii.gz
035,CINE_4CH_035,val,C:\SanciaMJW\projects\segmentation\CMR-MULTI\CINE_MULTI\4CH_TR\image\CINE_4CH_035.nii.gz,C:\SanciaMJW\projects\segmentation\CMR-MULTI\CINE_MULTI\4CH_TR\anno\CINE_4CH_035.nii.gz
036,CINE_4CH_036,test,C:\SanciaMJW\projects\segmentation\CMR-MULTI\CINE_MULTI\4CH_TR\image\CINE_4CH_036.nii.gz,C:\SanciaMJW\projects\segmentation\CMR-MULTI\CINE_MULTI\4CH_TR\anno\CINE_4CH_036.nii.gz
037,CINE_4CH_037,test,C:\SanciaMJW\projects\segmentation\CMR-MULTI\CINE_MULTI\4CH_TR\image\CINE_4CH_037.nii.gz,C:\SanciaMJW\projects\segmentation\CMR-MULTI\CINE_MULTI\4CH_TR\anno\CINE_4CH_037.nii.gz
038,CINE_4CH_038,train,C:\SanciaMJW\projects\segmentation\CMR-MULTI\CINE_MULTI\4CH_TR\image\CINE_4CH_038.nii.gz,C:\SanciaMJW\projects\segmentation\CMR-MULTI\CINE_MULTI\4CH_TR\anno\CINE_4CH_038.nii.gz
039,CINE_4CH_039,train,C:\SanciaMJW\projects\segmentation\CMR-MULTI\CINE_MULTI\4CH_TR\image\CINE_4CH_039.nii.gz,C:\SanciaMJW\projects\segmentation\CMR-MULTI\CINE_MULTI\4CH_TR\anno\CINE_4CH_039.nii.gz
040,CINE_4CH_040,train,C:\SanciaMJW\projects\segmentation\CMR-MULTI\CINE_MULTI\4CH_TR\image\CINE_4CH_040.nii.gz,C:\SanciaMJW\projects\segmentation\CMR-MULTI\CINE_MULTI\4CH_TR\anno\CINE_4CH_040.nii.gz
041,CINE_4CH_041,train,C:\SanciaMJW\projects\segmentation\CMR-MULTI\CINE_MULTI\4CH_TR\image\CINE_4CH_041.nii.gz,C:\SanciaMJW\projects\segmentation\CMR-MULTI\CINE_MULTI\4CH_TR\anno\CINE_4CH_041.nii.gz
042,CINE_4CH_042,val,C:\SanciaMJW\projects\segmentation\CMR-MULTI\CINE_MULTI\4CH_TR\image\CINE_4CH_042.nii.gz,C:\SanciaMJW\projects\segmentation\CMR-MULTI\CINE_MULTI\4CH_TR\anno\CINE_4CH_042.nii.gz
043,CINE_4CH_043,train,C:\SanciaMJW\projects\segmentation\CMR-MULTI\CINE_MULTI\4CH_TR\image\CINE_4CH_043.nii.gz,C:\SanciaMJW\projects\segmentation\CMR-MULTI\CINE_MULTI\4CH_TR\anno\CINE_4CH_043.nii.gz
044,CINE_4CH_044,train,C:\SanciaMJW\projects\segmentation\CMR-MULTI\CINE_MULTI\4CH_TR\image\CINE_4CH_044.nii.gz,C:\SanciaMJW\projects\segmentation\CMR-MULTI\CINE_MULTI\4CH_TR\anno\CINE_4CH_044.nii.gz
045,CINE_4CH_045,val,C:\SanciaMJW\projects\segmentation\CMR-MULTI\CINE_MULTI\4CH_TR\image\CINE_4CH_045.nii.gz,C:\SanciaMJW\projects\segmentation\CMR-MULTI\CINE_MULTI\4CH_TR\anno\CINE_4CH_045.nii.gz
046,CINE_4CH_046,train,C:\SanciaMJW\projects\segmentation\CMR-MULTI\CINE_MULTI\4CH_TR\image\CINE_4CH_046.nii.gz,C:\SanciaMJW\projects\segmentation\CMR-MULTI\CINE_MULTI\4CH_TR\anno\CINE_4CH_046.nii.gz
047,CINE_4CH_047,train,C:\SanciaMJW\projects\segmentation\CMR-MULTI\CINE_MULTI\4CH_TR\image\CINE_4CH_047.nii.gz,C:\SanciaMJW\projects\segmentation\CMR-MULTI\CINE_MULTI\4CH_TR\anno\CINE_4CH_047.nii.gz
048,CINE_4CH_048,test,C:\SanciaMJW\projects\segmentation\CMR-MULTI\CINE_MULTI\4CH_TR\image\CINE_4CH_048.nii.gz,C:\SanciaMJW\projects\segmentation\CMR-MULTI\CINE_MULTI\4CH_TR\anno\CINE_4CH_048.nii.gz
049,CINE_4CH_049,train,C:\SanciaMJW\projects\segmentation\CMR-MULTI\CINE_MULTI\4CH_TR\image\CINE_4CH_049.nii.gz,C:\SanciaMJW\projects\segmentation\CMR-MULTI\CINE_MULTI\4CH_TR\anno\CINE_4CH_049.nii.gz
050,CINE_4CH_050,val,C:\SanciaMJW\projects\segmentation\CMR-MULTI\CINE_MULTI\4CH_TR\image\CINE_4CH_050.nii.gz,C:\SanciaMJW\projects\segmentation\CMR-MULTI\CINE_MULTI\4CH_TR\anno\CINE_4CH_050.nii.gz
051,CINE_4CH_051,train,C:\SanciaMJW\projects\segmentation\CMR-MULTI\CINE_MULTI\4CH_TR\image\CINE_4CH_051.nii.gz,C:\SanciaMJW\projects\segmentation\CMR-MULTI\CINE_MULTI\4CH_TR\anno\CINE_4CH_051.nii.gz
052,CINE_4CH_052,train,C:\SanciaMJW\projects\segmentation\CMR-MULTI\CINE_MULTI\4CH_TR\image\CINE_4CH_052.nii.gz,C:\SanciaMJW\projects\segmentation\CMR-MULTI\CINE_MULTI\4CH_TR\anno\CINE_4CH_052.nii.gz
053,CINE_4CH_053,train,C:\SanciaMJW\projects\segmentation\CMR-MULTI\CINE_MULTI\4CH_TR\image\CINE_4CH_053.nii.gz,C:\SanciaMJW\projects\segmentation\CMR-MULTI\CINE_MULTI\4CH_TR\anno\CINE_4CH_053.nii.gz
054,CINE_4CH_054,test,C:\SanciaMJW\projects\segmentation\CMR-MULTI\CINE_MULTI\4CH_TR\image\CINE_4CH_054.nii.gz,C:\SanciaMJW\projects\segmentation\CMR-MULTI\CINE_MULTI\4CH_TR\anno\CINE_4CH_054.nii.gz
055,CINE_4CH_055,val,C:\SanciaMJW\projects\segmentation\CMR-MULTI\CINE_MULTI\4CH_TR\image\CINE_4CH_055.nii.gz,C:\SanciaMJW\projects\segmentation\CMR-MULTI\CINE_MULTI\4CH_TR\anno\CINE_4CH_055.nii.gz
056,CINE_4CH_056,train,C:\SanciaMJW\projects\segmentation\CMR-MULTI\CINE_MULTI\4CH_TR\image\CINE_4CH_056.nii.gz,C:\SanciaMJW\projects\segmentation\CMR-MULTI\CINE_MULTI\4CH_TR\anno\CINE_4CH_056.nii.gz
057,CINE_4CH_057,train,C:\SanciaMJW\projects\segmentation\CMR-MULTI\CINE_MULTI\4CH_TR\image\CINE_4CH_057.nii.gz,C:\SanciaMJW\projects\segmentation\CMR-MULTI\CINE_MULTI\4CH_TR\anno\CINE_4CH_057.nii.gz
058,CINE_4CH_058,train,C:\SanciaMJW\projects\segmentation\CMR-MULTI\CINE_MULTI\4CH_TR\image\CINE_4CH_058.nii.gz,C:\SanciaMJW\projects\segmentation\CMR-MULTI\CINE_MULTI\4CH_TR\anno\CINE_4CH_058.nii.gz
059,CINE_4CH_059,val,C:\SanciaMJW\projects\segmentation\CMR-MULTI\CINE_MULTI\4CH_TR\image\CINE_4CH_059.nii.gz,C:\SanciaMJW\projects\segmentation\CMR-MULTI\CINE_MULTI\4CH_TR\anno\CINE_4CH_059.nii.gz
060,CINE_4CH_060,train,C:\SanciaMJW\projects\segmentation\CMR-MULTI\CINE_MULTI\4CH_TR\image\CINE_4CH_060.nii.gz,C:\SanciaMJW\projects\segmentation\CMR-MULTI\CINE_MULTI\4CH_TR\anno\CINE_4CH_060.nii.gz
061,CINE_4CH_061,train,C:\SanciaMJW\projects\segmentation\CMR-MULTI\CINE_MULTI\4CH_TR\image\CINE_4CH_061.nii.gz,C:\SanciaMJW\projects\segmentation\CMR-MULTI\CINE_MULTI\4CH_TR\anno\CINE_4CH_061.nii.gz
062,CINE_4CH_062,train,C:\SanciaMJW\projects\segmentation\CMR-MULTI\CINE_MULTI\4CH_TR\image\CINE_4CH_062.nii.gz,C:\SanciaMJW\projects\segmentation\CMR-MULTI\CINE_MULTI\4CH_TR\anno\CINE_4CH_062.nii.gz
063,CINE_4CH_063,train,C:\SanciaMJW\projects\segmentation\CMR-MULTI\CINE_MULTI\4CH_TR\image\CINE_4CH_063.nii.gz,C:\SanciaMJW\projects\segmentation\CMR-MULTI\CINE_MULTI\4CH_TR\anno\CINE_4CH_063.nii.gz
064,CINE_4CH_064,train,C:\SanciaMJW\projects\segmentation\CMR-MULTI\CINE_MULTI\4CH_TR\image\CINE_4CH_064.nii.gz,C:\SanciaMJW\projects\segmentation\CMR-MULTI\CINE_MULTI\4CH_TR\anno\CINE_4CH_064.nii.gz
065,CINE_4CH_065,test,C:\SanciaMJW\projects\segmentation\CMR-MULTI\CINE_MULTI\4CH_TR\image\CINE_4CH_065.nii.gz,C:\SanciaMJW\projects\segmentation\CMR-MULTI\CINE_MULTI\4CH_TR\anno\CINE_4CH_065.nii.gz
066,CINE_4CH_066,test,C:\SanciaMJW\projects\segmentation\CMR-MULTI\CINE_MULTI\4CH_TR\image\CINE_4CH_066.nii.gz,C:\SanciaMJW\projects\segmentation\CMR-MULTI\CINE_MULTI\4CH_TR\anno\CINE_4CH_066.nii.gz
067,CINE_4CH_067,test,C:\SanciaMJW\projects\segmentation\CMR-MULTI\CINE_MULTI\4CH_TR\image\CINE_4CH_067.nii.gz,C:\SanciaMJW\projects\segmentation\CMR-MULTI\CINE_MULTI\4CH_TR\anno\CINE_4CH_067.nii.gz
068,CINE_4CH_068,val,C:\SanciaMJW\projects\segmentation\CMR-MULTI\CINE_MULTI\4CH_TR\image\CINE_4CH_068.nii.gz,C:\SanciaMJW\projects\segmentation\CMR-MULTI\CINE_MULTI\4CH_TR\anno\CINE_4CH_068.nii.gz
069,CINE_4CH_069,train,C:\SanciaMJW\projects\segmentation\CMR-MULTI\CINE_MULTI\4CH_TR\image\CINE_4CH_069.nii.gz,C:\SanciaMJW\projects\segmentation\CMR-MULTI\CINE_MULTI\4CH_TR\anno\CINE_4CH_069.nii.gz
070,CINE_4CH_070,train,C:\SanciaMJW\projects\segmentation\CMR-MULTI\CINE_MULTI\4CH_TR\image\CINE_4CH_070.nii.gz,C:\SanciaMJW\projects\segmentation\CMR-MULTI\CINE_MULTI\4CH_TR\anno\CINE_4CH_070.nii.gz
071,CINE_4CH_071,train,C:\SanciaMJW\projects\segmentation\CMR-MULTI\CINE_MULTI\4CH_TR\image\CINE_4CH_071.nii.gz,C:\SanciaMJW\projects\segmentation\CMR-MULTI\CINE_MULTI\4CH_TR\anno\CINE_4CH_071.nii.gz
072,CINE_4CH_072,train,C:\SanciaMJW\projects\segmentation\CMR-MULTI\CINE_MULTI\4CH_TR\image\CINE_4CH_072.nii.gz,C:\SanciaMJW\projects\segmentation\CMR-MULTI\CINE_MULTI\4CH_TR\anno\CINE_4CH_072.nii.gz
073,CINE_4CH_073,train,C:\SanciaMJW\projects\segmentation\CMR-MULTI\CINE_MULTI\4CH_TR\image\CINE_4CH_073.nii.gz,C:\SanciaMJW\projects\segmentation\CMR-MULTI\CINE_MULTI\4CH_TR\anno\CINE_4CH_073.nii.gz
074,CINE_4CH_074,train,C:\SanciaMJW\projects\segmentation\CMR-MULTI\CINE_MULTI\4CH_TR\image\CINE_4CH_074.nii.gz,C:\SanciaMJW\projects\segmentation\CMR-MULTI\CINE_MULTI\4CH_TR\anno\CINE_4CH_074.nii.gz
075,CINE_4CH_075,val,C:\SanciaMJW\projects\segmentation\CMR-MULTI\CINE_MULTI\4CH_TR\image\CINE_4CH_075.nii.gz,C:\SanciaMJW\projects\segmentation\CMR-MULTI\CINE_MULTI\4CH_TR\anno\CINE_4CH_075.nii.gz
076,CINE_4CH_076,train,C:\SanciaMJW\projects\segmentation\CMR-MULTI\CINE_MULTI\4CH_TR\image\CINE_4CH_076.nii.gz,C:\SanciaMJW\projects\segmentation\CMR-MULTI\CINE_MULTI\4CH_TR\anno\CINE_4CH_076.nii.gz
077,CINE_4CH_077,train,C:\SanciaMJW\projects\segmentation\CMR-MULTI\CINE_MULTI\4CH_TR\image\CINE_4CH_077.nii.gz,C:\SanciaMJW\projects\segmentation\CMR-MULTI\CINE_MULTI\4CH_TR\anno\CINE_4CH_077.nii.gz
078,CINE_4CH_078,test,C:\SanciaMJW\projects\segmentation\CMR-MULTI\CINE_MULTI\4CH_TR\image\CINE_4CH_078.nii.gz,C:\SanciaMJW\projects\segmentation\CMR-MULTI\CINE_MULTI\4CH_TR\anno\CINE_4CH_078.nii.gz
079,CINE_4CH_079,train,C:\SanciaMJW\projects\segmentation\CMR-MULTI\CINE_MULTI\4CH_TR\image\CINE_4CH_079.nii.gz,C:\SanciaMJW\projects\segmentation\CMR-MULTI\CINE_MULTI\4CH_TR\anno\CINE_4CH_079.nii.gz
080,CINE_4CH_080,train,C:\SanciaMJW\projects\segmentation\CMR-MULTI\CINE_MULTI\4CH_TR\image\CINE_4CH_080.nii.gz,C:\SanciaMJW\projects\segmentation\CMR-MULTI\CINE_MULTI\4CH_TR\anno\CINE_4CH_080.nii.gz
081,CINE_4CH_081,train,C:\SanciaMJW\projects\segmentation\CMR-MULTI\CINE_MULTI\4CH_TR\image\CINE_4CH_081.nii.gz,C:\SanciaMJW\projects\segmentation\CMR-MULTI\CINE_MULTI\4CH_TR\anno\CINE_4CH_081.nii.gz
082,CINE_4CH_082,train,C:\SanciaMJW\projects\segmentation\CMR-MULTI\CINE_MULTI\4CH_TR\image\CINE_4CH_082.nii.gz,C:\SanciaMJW\projects\segmentation\CMR-MULTI\CINE_MULTI\4CH_TR\anno\CINE_4CH_082.nii.gz
083,CINE_4CH_083,train,C:\SanciaMJW\projects\segmentation\CMR-MULTI\CINE_MULTI\4CH_TR\image\CINE_4CH_083.nii.gz,C:\SanciaMJW\projects\segmentation\CMR-MULTI\CINE_MULTI\4CH_TR\anno\CINE_4CH_083.nii.gz
084,CINE_4CH_084,train,C:\SanciaMJW\projects\segmentation\CMR-MULTI\CINE_MULTI\4CH_TR\image\CINE_4CH_084.nii.gz,C:\SanciaMJW\projects\segmentation\CMR-MULTI\CINE_MULTI\4CH_TR\anno\CINE_4CH_084.nii.gz
085,CINE_4CH_085,train,C:\SanciaMJW\projects\segmentation\CMR-MULTI\CINE_MULTI\4CH_TR\image\CINE_4CH_085.nii.gz,C:\SanciaMJW\projects\segmentation\CMR-MULTI\CINE_MULTI\4CH_TR\anno\CINE_4CH_085.nii.gz
086,CINE_4CH_086,train,C:\SanciaMJW\projects\segmentation\CMR-MULTI\CINE_MULTI\4CH_TR\image\CINE_4CH_086.nii.gz,C:\SanciaMJW\projects\segmentation\CMR-MULTI\CINE_MULTI\4CH_TR\anno\CINE_4CH_086.nii.gz
087,CINE_4CH_087,val,C:\SanciaMJW\projects\segmentation\CMR-MULTI\CINE_MULTI\4CH_TR\image\CINE_4CH_087.nii.gz,C:\SanciaMJW\projects\segmentation\CMR-MULTI\CINE_MULTI\4CH_TR\anno\CINE_4CH_087.nii.gz
088,CINE_4CH_088,train,C:\SanciaMJW\projects\segmentation\CMR-MULTI\CINE_MULTI\4CH_TR\image\CINE_4CH_088.nii.gz,C:\SanciaMJW\projects\segmentation\CMR-MULTI\CINE_MULTI\4CH_TR\anno\CINE_4CH_088.nii.gz
089,CINE_4CH_089,train,C:\SanciaMJW\projects\segmentation\CMR-MULTI\CINE_MULTI\4CH_TR\image\CINE_4CH_089.nii.gz,C:\SanciaMJW\projects\segmentation\CMR-MULTI\CINE_MULTI\4CH_TR\anno\CINE_4CH_089.nii.gz
090,CINE_4CH_090,val,C:\SanciaMJW\projects\segmentation\CMR-MULTI\CINE_MULTI\4CH_TR\image\CINE_4CH_090.nii.gz,C:\SanciaMJW\projects\segmentation\CMR-MULTI\CINE_MULTI\4CH_TR\anno\CINE_4CH_090.nii.gz
091,CINE_4CH_091,train,C:\SanciaMJW\projects\segmentation\CMR-MULTI\CINE_MULTI\4CH_TR\image\CINE_4CH_091.nii.gz,C:\SanciaMJW\projects\segmentation\CMR-MULTI\CINE_MULTI\4CH_TR\anno\CINE_4CH_091.nii.gz
092,CINE_4CH_092,train,C:\SanciaMJW\projects\segmentation\CMR-MULTI\CINE_MULTI\4CH_TR\image\CINE_4CH_092.nii.gz,C:\SanciaMJW\projects\segmentation\CMR-MULTI\CINE_MULTI\4CH_TR\anno\CINE_4CH_092.nii.gz
093,CINE_4CH_093,val,C:\SanciaMJW\projects\segmentation\CMR-MULTI\CINE_MULTI\4CH_TR\image\CINE_4CH_093.nii.gz,C:\SanciaMJW\projects\segmentation\CMR-MULTI\CINE_MULTI\4CH_TR\anno\CINE_4CH_093.nii.gz
094,CINE_4CH_094,train,C:\SanciaMJW\projects\segmentation\CMR-MULTI\CINE_MULTI\4CH_TR\image\CINE_4CH_094.nii.gz,C:\SanciaMJW\projects\segmentation\CMR-MULTI\CINE_MULTI\4CH_TR\anno\CINE_4CH_094.nii.gz
095,CINE_4CH_095,val,C:\SanciaMJW\projects\segmentation\CMR-MULTI\CINE_MULTI\4CH_TR\image\CINE_4CH_095.nii.gz,C:\SanciaMJW\projects\segmentation\CMR-MULTI\CINE_MULTI\4CH_TR\anno\CINE_4CH_095.nii.gz
096,CINE_4CH_096,train,C:\SanciaMJW\projects\segmentation\CMR-MULTI\CINE_MULTI\4CH_TR\image\CINE_4CH_096.nii.gz,C:\SanciaMJW\projects\segmentation\CMR-MULTI\CINE_MULTI\4CH_TR\anno\CINE_4CH_096.nii.gz
097,CINE_4CH_097,train,C:\SanciaMJW\projects\segmentation\CMR-MULTI\CINE_MULTI\4CH_TR\image\CINE_4CH_097.nii.gz,C:\SanciaMJW\projects\segmentation\CMR-MULTI\CINE_MULTI\4CH_TR\anno\CINE_4CH_097.nii.gz
098,CINE_4CH_098,test,C:\SanciaMJW\projects\segmentation\CMR-MULTI\CINE_MULTI\4CH_TR\image\CINE_4CH_098.nii.gz,C:\SanciaMJW\projects\segmentation\CMR-MULTI\CINE_MULTI\4CH_TR\anno\CINE_4CH_098.nii.gz
099,CINE_4CH_099,train,C:\SanciaMJW\projects\segmentation\CMR-MULTI\CINE_MULTI\4CH_TR\image\CINE_4CH_099.nii.gz,C:\SanciaMJW\projects\segmentation\CMR-MULTI\CINE_MULTI\4CH_TR\anno\CINE_4CH_099.nii.gz
100,CINE_4CH_100,train,C:\SanciaMJW\projects\segmentation\CMR-MULTI\CINE_MULTI\4CH_TR\image\CINE_4CH_100.nii.gz,C:\SanciaMJW\projects\segmentation\CMR-MULTI\CINE_MULTI\4CH_TR\anno\CINE_4CH_100.nii.gz
101,CINE_4CH_101,train,C:\SanciaMJW\projects\segmentation\CMR-MULTI\CINE_MULTI\4CH_TR\image\CINE_4CH_101.nii.gz,C:\SanciaMJW\projects\segmentation\CMR-MULTI\CINE_MULTI\4CH_TR\anno\CINE_4CH_101.nii.gz
102,CINE_4CH_102,train,C:\SanciaMJW\projects\segmentation\CMR-MULTI\CINE_MULTI\4CH_TR\image\CINE_4CH_102.nii.gz,C:\SanciaMJW\projects\segmentation\CMR-MULTI\CINE_MULTI\4CH_TR\anno\CINE_4CH_102.nii.gz
103,CINE_4CH_103,train,C:\SanciaMJW\projects\segmentation\CMR-MULTI\CINE_MULTI\4CH_TR\image\CINE_4CH_103.nii.gz,C:\SanciaMJW\projects\segmentation\CMR-MULTI\CINE_MULTI\4CH_TR\anno\CINE_4CH_103.nii.gz
104,CINE_4CH_104,val,C:\SanciaMJW\projects\segmentation\CMR-MULTI\CINE_MULTI\4CH_TR\image\CINE_4CH_104.nii.gz,C:\SanciaMJW\projects\segmentation\CMR-MULTI\CINE_MULTI\4CH_TR\anno\CINE_4CH_104.nii.gz
105,CINE_4CH_105,train,C:\SanciaMJW\projects\segmentation\CMR-MULTI\CINE_MULTI\4CH_TR\image\CINE_4CH_105.nii.gz,C:\SanciaMJW\projects\segmentation\CMR-MULTI\CINE_MULTI\4CH_TR\anno\CINE_4CH_105.nii.gz
